{
  "artist-og-kreative-portretter": {
    "x": 0.6580645161290323,
    "y": 0.3204301075268817
  },
  "bilforetninger": {
    "x": 0.5,
    "y": 0.5
  },
  "mote-og-skjnnhet": {
    "x": 0.5629032258064516,
    "y": 0.5112903225806451
  }
}